portale,percentuale,data
Comune di Bitonto,50.61944790540627,2023-12-01 15:15:27.371038
Comune di Crispiano,55.91658702979039,2023-12-01 15:15:28.789181
Comune di Massafra,57.65105183495416,2023-12-01 15:15:29.785506
Comune di Bitonto,50.61944790540627,2023-12-01 15:15:27.371038
Comune di Crispiano,55.91658702979039,2023-12-01 15:15:28.789181
Comune di Massafra,59.65105183495416,2023-12-01 16:15:29.785506
Comune di Bitonto,50.61944790540627,2023-12-01 15:18:41.441480
Comune di Crispiano,55.91658702979039,2023-12-01 15:18:42.732995
Comune di Massafra,57.65105183495416,2023-12-01 15:18:43.555108
Comune di Bitonto,50.61944790540627,2023-12-01 15:18:49.727942
Comune di Crispiano,55.91658702979039,2023-12-01 15:18:50.871212
Comune di Massafra,57.65105183495416,2023-12-01 15:18:51.624017
Comune di Bitonto,50.61944790540627,2023-12-01 15:22:06.912301
Comune di Crispiano,55.91658702979039,2023-12-01 15:22:08.124745
Comune di Massafra,57.65105183495416,2023-12-01 15:22:08.997748
Comune di Bitonto,50.61944790540627,2023-12-01 15:22:17.495030
Comune di Crispiano,55.91658702979039,2023-12-01 15:22:19.079247
Comune di Massafra,57.65105183495416,2023-12-01 15:22:20.217595
Comune di Bitonto,50.61944790540627,2023-12-01 15:25:07.936486
Comune di Crispiano,55.91658702979039,2023-12-01 15:25:08.978051
Comune di Massafra,57.65105183495416,2023-12-01 15:25:09.685759
Comune di Bitonto,50.61944790540627,2023-12-01 15:25:15.092767
Comune di Crispiano,55.91658702979039,2023-12-01 15:25:16.261651
Comune di Massafra,57.65105183495416,2023-12-01 15:25:16.994689
Comune di Bitonto,50.61944790540627,2023-12-01 15:25:35.515857
Comune di Crispiano,55.91658702979039,2023-12-01 15:25:37.206856
Comune di Massafra,57.65105183495416,2023-12-01 15:25:38.454912
Comune di Bitonto,50.61944790540627,2023-12-01 15:27:50.745212
Comune di Crispiano,55.91658702979039,2023-12-01 15:27:52.077637
Comune di Massafra,57.65105183495416,2023-12-01 15:27:52.897045
Comune di Bitonto,50.61944790540627,2023-12-01 15:28:06.630246
Comune di Crispiano,55.91658702979039,2023-12-01 15:28:08.211264
Comune di Massafra,57.65105183495416,2023-12-01 15:28:09.004792
Comune di Bitonto,50.61944790540627,2023-12-01 15:33:44.784795
Comune di Crispiano,55.91658702979039,2023-12-01 15:33:46.037579
Comune di Massafra,57.65105183495416,2023-12-01 15:33:46.862148
Comune di Bitonto,50.61944790540627,2023-12-01 15:34:53.001971
Comune di Crispiano,55.91658702979039,2023-12-01 15:34:53.794244
Comune di Massafra,57.65105183495416,2023-12-01 15:34:54.257379
Comune di Bitonto,50.61944790540627,2023-12-01 15:35:01.951132
Comune di Crispiano,55.91658702979039,2023-12-01 15:35:03.430604
Comune di Massafra,57.65105183495416,2023-12-01 15:35:04.585336
Comune di Bitonto,50.61944790540627,2023-12-01 15:36:17.440600
Comune di Crispiano,55.91658702979039,2023-12-01 15:36:18.834080
Comune di Massafra,57.65105183495416,2023-12-01 15:36:19.721715
Comune di Bitonto,50.61944790540627,2023-12-01 15:36:28.841638
Comune di Crispiano,55.91658702979039,2023-12-01 15:36:30.202778
Comune di Massafra,57.65105183495416,2023-12-01 15:36:31.183956
Comune di Bitonto,50.61944790540627,2023-12-01 15:38:38.380336
Comune di Crispiano,55.91658702979039,2023-12-01 15:38:39.307144
Comune di Massafra,57.65105183495416,2023-12-01 15:38:39.929589
Comune di Bitonto,50.61944790540627,2023-12-01 15:42:32.488988
Comune di Crispiano,55.91658702979039,2023-12-01 15:42:33.751287
Comune di Massafra,57.65105183495416,2023-12-01 15:42:34.666601
Comune di Bitonto,50.61944790540627,2023-12-01 15:42:43.506152
Comune di Crispiano,55.91658702979039,2023-12-01 15:42:44.717645
Comune di Massafra,57.65105183495416,2023-12-01 15:42:45.602415
Comune di Bitonto,50.61944790540627,2023-12-01 15:46:06.484024
Comune di Crispiano,55.91658702979039,2023-12-01 15:46:07.901772
Comune di Massafra,57.65105183495416,2023-12-01 15:46:08.975915
Comune di Bitonto,50.61944790540627,2023-12-01 15:46:18.065147
Comune di Crispiano,55.91658702979039,2023-12-01 15:46:19.452253
Comune di Massafra,57.65105183495416,2023-12-01 15:46:20.489986
Comune di Bitonto,50.61944790540627,2023-12-01 15:48:36.099147
Comune di Crispiano,55.91658702979039,2023-12-01 15:48:37.237662
Comune di Massafra,57.65105183495416,2023-12-01 15:48:37.991252
Comune di Bitonto,50.61944790540627,2023-12-01 15:48:46.906022
Comune di Crispiano,55.91658702979039,2023-12-01 15:48:48.321781
Comune di Massafra,57.65105183495416,2023-12-01 15:48:49.239256
Comune di Bitonto,50.61944790540627,2023-12-01 15:55:20.611405
Comune di Crispiano,55.91658702979039,2023-12-01 15:55:21.906853
Comune di Massafra,57.65105183495416,2023-12-01 15:55:22.775048
Comune di Bitonto,50.61944790540627,2023-12-01 15:55:32.501110
Comune di Crispiano,55.91658702979039,2023-12-01 15:55:33.984879
Comune di Massafra,57.65105183495416,2023-12-01 15:55:35.006910
Comune di Bitonto,50.61944790540627,2023-12-01 15:57:56.880335
Comune di Crispiano,55.91658702979039,2023-12-01 15:57:58.430995
Comune di Massafra,57.65105183495416,2023-12-01 15:57:59.496793
Comune di Bitonto,50.61944790540627,2023-12-01 15:58:09.199304
Comune di Crispiano,55.91658702979039,2023-12-01 15:58:10.764223
Comune di Massafra,57.65105183495416,2023-12-01 15:58:11.822471
Comune di Bitonto,50.61944790540627,2023-12-01 16:00:28.253780
Comune di Crispiano,55.91658702979039,2023-12-01 16:00:29.416043
Comune di Massafra,57.65105183495416,2023-12-01 16:00:30.215643
Comune di Bitonto,50.61944790540627,2023-12-01 16:00:36.341005
Comune di Crispiano,55.91658702979039,2023-12-01 16:00:37.584839
Comune di Massafra,57.65105183495416,2023-12-01 16:00:38.665866
Comune di Bitonto,50.61944790540627,2023-12-01 16:00:51.297515
Comune di Crispiano,55.91658702979039,2023-12-01 16:00:52.421200
Comune di Massafra,57.65105183495416,2023-12-01 16:00:53.167016
Comune di Bitonto,50.61944790540627,2023-12-01 16:02:21.047353
Comune di Crispiano,55.91658702979039,2023-12-01 16:02:21.830406
Comune di Massafra,57.65105183495416,2023-12-01 16:02:22.277943
Comune di Bitonto,50.61944790540627,2023-12-01 16:02:29.489432
Comune di Crispiano,55.91658702979039,2023-12-01 16:02:31.130686
Comune di Massafra,57.65105183495416,2023-12-01 16:02:32.258144
Comune di Bitonto,57.18808969792262,2023-12-01 16:16:29.649265
Comune di Crispiano,51.08174039106581,2023-12-01 16:16:30.417067
Comune di Massafra,57.46586664976897,2023-12-01 16:16:31.615915
Comune di Bitonto,58.85236752963599,2023-12-01 16:21:29.410765
Comune di Crispiano,57.26969220566523,2023-12-01 16:21:30.318405
Comune di Massafra,57.46586664976897,2023-12-01 16:21:31.198328
Comune di Bitonto,58.85236752963599,2023-12-01 16:26:03.058056
Comune di Crispiano,53.67391321621648,2023-12-01 16:26:03.809352
Comune di Massafra,57.46586664976897,2023-12-01 16:26:04.411156
Comune di Bitonto,58.85236752963599,2023-12-01 16:26:10.607274
Comune di Crispiano,53.67391321621648,2023-12-01 16:26:11.322658
Comune di Massafra,57.46586664976897,2023-12-01 16:26:11.910582
Comune di Bitonto,57.74284897516042,2023-12-01 16:32:00.102239
Comune di Crispiano,52.184087636361305,2023-12-01 16:32:01.295080
Comune di Massafra,55.71776874966091,2023-12-01 16:32:02.404536
Comune di Bitonto,57.74284897516042,2023-12-01 16:32:36.774828
Comune di Crispiano,52.184087636361305,2023-12-01 16:32:38.269246
Comune di Massafra,55.71776874966091,2023-12-01 16:32:39.481981
Comune di Bitonto,57.74284897516042,2023-12-01 16:32:56.570131
Comune di Crispiano,52.184087636361305,2023-12-01 16:32:57.847503
Comune di Massafra,55.71776874966091,2023-12-01 16:32:58.683109
Comune di Bitonto,57.74284897516042,2023-12-01 16:36:54.553516
Comune di Crispiano,52.184087636361305,2023-12-01 16:36:55.655712
Comune di Massafra,55.71776874966091,2023-12-01 16:36:56.656875
Comune di Bitonto,57.74284897516042,2023-12-01 16:37:41.860696
Comune di Crispiano,52.184087636361305,2023-12-01 16:37:44.510243
Comune di Massafra,55.71776874966091,2023-12-01 16:37:45.601409
Comune di Bitonto,57.74284897516042,2023-12-01 16:37:54.263049
Comune di Crispiano,52.184087636361305,2023-12-01 16:37:54.754564
Comune di Massafra,55.71776874966091,2023-12-01 16:37:55.231695
Comune di Bitonto,57.74284897516042,2023-12-01 17:41:00.449328
Comune di Crispiano,50.033630101253365,2023-12-01 17:41:01.276669
Comune di Massafra,53.80764837929055,2023-12-01 17:41:02.134918
Comune di Bitonto,57.74284897516042,2023-12-01 17:45:50.019038
Comune di Crispiano,46.764886465842636,2023-12-01 17:45:51.399565
Comune di Massafra,53.80764837929055,2023-12-01 17:45:52.634568
Comune di Bitonto,57.74284897516042,2023-12-01 17:46:18.127606
Comune di Crispiano,46.764886465842636,2023-12-01 17:46:19.035349
Comune di Massafra,53.80764837929055,2023-12-01 17:46:19.985445
Comune di Bitonto,57.74284897516042,2023-12-01 17:46:41.278307
Comune di Crispiano,46.764886465842636,2023-12-01 17:46:41.819939
Comune di Massafra,53.80764837929055,2023-12-01 17:46:42.719578
Comune di Bitonto,57.74284897516042,2023-12-01 17:48:02.977469
Comune di Crispiano,46.764886465842636,2023-12-01 17:48:03.578632
Comune di Massafra,53.80764837929055,2023-12-01 17:48:04.111361
Comune di Bitonto,57.74284897516042,2023-12-01 17:52:28.170242
Comune di Crispiano,46.764886465842636,2023-12-01 17:52:29.428539
Comune di Massafra,53.80764837929055,2023-12-01 17:52:30.841884
Comune di Bitonto,57.74284897516042,2023-12-01 17:53:31.097482
Comune di Crispiano,46.764886465842636,2023-12-01 17:53:31.704658
Comune di Massafra,53.80764837929055,2023-12-01 17:53:32.253240
Comune di Bitonto,57.74284897516042,2023-12-01 17:53:56.697356
Comune di Crispiano,46.764886465842636,2023-12-01 17:53:57.236555
Comune di Massafra,53.80764837929055,2023-12-01 17:53:57.721970
Comune di Bitonto,57.74284897516042,2023-12-01 17:54:06.202591
Comune di Crispiano,46.764886465842636,2023-12-01 17:54:07.786462
Comune di Massafra,53.80764837929055,2023-12-01 17:54:09.198381
Comune di Bitonto,57.74284897516042,2023-12-01 17:54:27.111381
Comune di Crispiano,46.764886465842636,2023-12-01 17:54:28.217317
Comune di Massafra,53.80764837929055,2023-12-01 17:54:29.314843
Comune di Bitonto,57.74284897516042,2023-12-01 17:55:11.604464
Comune di Crispiano,46.764886465842636,2023-12-01 17:55:12.531014
Comune di Massafra,53.80764837929055,2023-12-01 17:55:13.506229
Comune di Bitonto,57.74284897516042,2023-12-01 17:57:04.727318
Comune di Crispiano,44.0140107913813,2023-12-01 17:57:05.267793
Comune di Massafra,53.80764837929055,2023-12-01 17:57:05.723162
Comune di Bitonto,57.74284897516042,2023-12-01 17:57:10.380829
Comune di Crispiano,44.0140107913813,2023-12-01 17:57:11.108974
Comune di Massafra,53.80764837929055,2023-12-01 17:57:11.698769
Comune di Bitonto,55.290666994758915,2023-12-02 15:21:05.662301
Comune di Crispiano,44.0140107913813,2023-12-02 15:21:06.256320
Comune di Massafra,53.80764837929055,2023-12-02 15:21:06.669828
Comune di Bitonto,55.290666994758915,2023-12-02 15:21:12.933991
Comune di Crispiano,44.0140107913813,2023-12-02 15:21:13.547621
Comune di Massafra,53.80764837929055,2023-12-02 15:21:14.005331
Comune di Bitonto,55.290666994758915,2023-12-02 15:31:04.947050
Comune di Crispiano,46.93787608839863,2023-12-02 15:31:05.568142
Comune di Massafra,53.80764837929055,2023-12-02 15:31:06.031428
Comune di Bitonto,52.83848501435742,2023-12-04 15:42:56.769127
Comune di Crispiano,46.93787608839863,2023-12-04 15:42:57.532976
Comune di Massafra,53.80764837929055,2023-12-04 15:42:57.980172
Comune di Bitonto,52.83848501435742,2023-12-04 15:43:01.647623
Comune di Crispiano,46.93787608839863,2023-12-04 15:43:02.228870
Comune di Massafra,53.80764837929055,2023-12-04 15:43:02.625513
Comune di Bitonto,58.85236752963599,2023-12-04 15:49:51.475723
Comune di Crispiano,46.93787608839863,2023-12-04 15:49:52.173868
Comune di Massafra,53.80764837929055,2023-12-04 15:49:52.995472
Comune di Bitonto,58.85236752963599,2023-12-04 15:54:32.981434
Comune di Crispiano,46.93787608839863,2023-12-04 15:54:33.928259
Comune di Massafra,57.46586664976897,2023-12-04 15:54:34.444231
Comune di Bitonto,58.85236752963599,2023-12-04 15:58:19.309865
Comune di Crispiano,46.734000170703204,2023-12-04 15:58:20.090331
Comune di Massafra,57.46586664976897,2023-12-04 15:58:20.601004
Comune di Bitonto,58.85236752963599,2023-12-05 10:51:30.203912
Comune di Crispiano,54.614894474936335,2023-12-05 10:51:30.832898
Comune di Massafra,57.46586664976897,2023-12-05 10:51:31.266846
Comune di Bitonto,58.85236752963599,2023-12-05 10:51:36.517624
Comune di Crispiano,54.614894474936335,2023-12-05 10:51:37.158605
Comune di Massafra,57.46586664976897,2023-12-05 10:51:37.610668
Comune di Bitonto,58.85236752963599,2023-12-05 11:11:02.365622
Comune di Crispiano,57.23189284305765,2023-12-05 11:11:03.120846
Comune di Massafra,57.46586664976897,2023-12-05 11:11:03.575318
Comune di Bitonto,58.85236752963599,2023-12-05 11:27:21.445783
Comune di Crispiano,57.23189284305765,2023-12-05 11:27:22.289252
Comune di Massafra,57.46586664976897,2023-12-05 11:27:23.094155
Comune di Bitonto,58.85236752963599,2023-12-05 11:34:18.114714
Comune di Crispiano,57.23189284305765,2023-12-05 11:34:18.982792
Comune di Massafra,57.46586664976897,2023-12-05 11:34:19.814589
Comune di Bitonto,58.85236752963599,2023-12-05 11:40:36.060773
Comune di Crispiano,57.23189284305765,2023-12-05 11:40:36.708417
Comune di Massafra,57.46586664976897,2023-12-05 11:40:37.149926
Comune di Bitonto,58.85236752963599,2023-12-05 11:44:44.943726
Comune di Crispiano,57.23189284305765,2023-12-05 11:44:46.108101
Comune di Massafra,57.65105183495416,2023-12-05 11:44:47.039577
Comune di Bitonto,58.85236752963599,2023-12-05 13:22:29.418459
Comune di Crispiano,57.23189284305765,2023-12-05 13:22:30.365744
Comune di Massafra,57.65105183495416,2023-12-05 13:22:30.929247
Comune di Bitonto,58.85236752963599,2023-12-05 13:27:06.808717
Comune di Crispiano,57.23189284305765,2023-12-05 13:27:07.509357
Comune di Massafra,57.65105183495416,2023-12-05 13:27:07.990733
Comune di Bitonto,56.40018554923449,2023-12-06 16:22:19.896491
Comune di Crispiano,57.23189284305765,2023-12-06 16:22:20.543125
Comune di Massafra,57.65105183495416,2023-12-06 16:22:20.958574
Comune di Bitonto,56.40018554923449,2023-12-06 16:22:25.859362
Comune di Crispiano,57.23189284305765,2023-12-06 16:22:26.658920
Comune di Massafra,57.65105183495416,2023-12-06 16:22:27.139107
Comune di Bitonto,56.40018554923449,2023-12-06 16:25:39.227780
Comune di Crispiano,57.23189284305765,2023-12-06 16:25:39.858594
Comune di Massafra,57.65105183495416,2023-12-06 16:25:40.309011
Comune di Bitonto,56.40018554923449,2023-12-06 16:25:44.963256
Comune di Crispiano,57.23189284305765,2023-12-06 16:25:45.609369
Comune di Massafra,57.65105183495416,2023-12-06 16:25:46.051624
Comune di Bitonto,56.40018554923449,2023-12-12 16:29:23.774858
Comune di Crispiano,57.23189284305765,2023-12-12 16:29:24.440860
Comune di Massafra,57.65105183495416,2023-12-12 16:29:24.846101
Comune di Bitonto,56.40018554923449,2023-12-12 16:29:30.009596
Comune di Crispiano,57.23189284305765,2023-12-12 16:29:30.784898
Comune di Massafra,57.65105183495416,2023-12-12 16:29:31.321432
Comune di Bitonto,56.40018554923449,2023-12-12 16:36:06.129494
Comune di Crispiano,57.23189284305765,2023-12-12 16:36:06.780962
Comune di Massafra,57.65105183495416,2023-12-12 16:36:07.323063
Comune di Bitonto,56.40018554923449,2023-12-12 16:36:12.124164
Comune di Crispiano,57.23189284305765,2023-12-12 16:36:12.772291
Comune di Massafra,57.65105183495416,2023-12-12 16:36:13.222108
Comune di Bitonto,56.40018554923449,2023-12-12 16:55:29.583629
Comune di Crispiano,57.23189284305765,2023-12-12 16:55:30.167292
Comune di Massafra,57.65105183495416,2023-12-12 16:55:30.554582
Comune di Bitonto,56.40018554923449,2023-12-12 16:55:34.513995
Comune di Crispiano,57.23189284305765,2023-12-12 16:55:35.222115
Comune di Massafra,57.65105183495416,2023-12-12 16:55:35.655419
Comune di Bitonto,56.40018554923449,2023-12-12 16:56:50.584461
Comune di Crispiano,57.23189284305765,2023-12-12 16:56:51.187424
Comune di Massafra,57.65105183495416,2023-12-12 16:56:51.609211
Comune di Bitonto,56.40018554923449,2023-12-12 17:00:46.866454
Comune di Crispiano,57.23189284305765,2023-12-12 17:00:47.595369
Comune di Massafra,57.65105183495416,2023-12-12 17:00:48.065701
Comune di Bitonto,56.40018554923449,2023-12-12 17:01:06.538618
Comune di Crispiano,57.23189284305765,2023-12-12 17:01:07.227132
Comune di Massafra,57.65105183495416,2023-12-12 17:01:07.655834
Comune di Bitonto,56.40018554923449,2023-12-12 17:09:33.883741
Comune di Crispiano,57.23189284305765,2023-12-12 17:09:34.518651
Comune di Massafra,57.65105183495416,2023-12-12 17:09:34.981987
Comune di Bitonto,56.40018554923449,2023-12-12 17:15:10.065429
Comune di Crispiano,57.23189284305765,2023-12-12 17:15:10.676543
Comune di Massafra,57.65105183495416,2023-12-12 17:15:11.100267
Comune di Bitonto,56.40018554923449,2023-12-12 17:16:39.467823
Comune di Crispiano,57.23189284305765,2023-12-12 17:16:40.145732
Comune di Massafra,57.65105183495416,2023-12-12 17:16:40.621345
Comune di Bitonto,56.40018554923449,2023-12-12 17:17:05.189235
Comune di Crispiano,57.23189284305765,2023-12-12 17:17:05.897651
Comune di Massafra,57.65105183495416,2023-12-12 17:17:06.351581
Comune di Bitonto,56.40018554923449,2023-12-12 17:20:24.022205
Comune di Crispiano,57.23189284305765,2023-12-12 17:20:24.658291
Comune di Massafra,57.65105183495416,2023-12-12 17:20:25.089989
Comune di Bitonto,56.40018554923449,2023-12-12 17:26:02.805629
Comune di Crispiano,57.23189284305765,2023-12-12 17:26:03.448833
Comune di Massafra,57.65105183495416,2023-12-12 17:26:03.946415
Comune di Bitonto,56.40018554923449,2023-12-12 17:33:47.578175
Comune di Crispiano,57.23189284305765,2023-12-12 17:33:48.422155
Comune di Massafra,57.65105183495416,2023-12-12 17:33:48.884761
Comune di Bitonto,56.40018554923449,2023-12-12 17:33:52.827278
Comune di Crispiano,57.23189284305765,2023-12-12 17:33:53.496320
Comune di Massafra,57.65105183495416,2023-12-12 17:33:53.975711
Comune di Bitonto,56.40018554923449,2023-12-12 17:34:36.902258
Comune di Crispiano,57.23189284305765,2023-12-12 17:34:37.593418
Comune di Massafra,57.65105183495416,2023-12-12 17:34:38.014693
Comune di Bitonto,56.40018554923449,2023-12-12 17:35:21.608843
Comune di Crispiano,57.23189284305765,2023-12-12 17:35:22.254299
Comune di Massafra,57.65105183495416,2023-12-12 17:35:22.681502
Comune di Bitonto,56.40018554923449,2023-12-12 17:38:00.090814
Comune di Crispiano,57.23189284305765,2023-12-12 17:38:00.755439
Comune di Massafra,57.65105183495416,2023-12-12 17:38:01.191915
Comune di Bitonto,56.40018554923449,2023-12-12 17:38:05.583189
Comune di Crispiano,57.23189284305765,2023-12-12 17:38:06.331566
Comune di Massafra,57.65105183495416,2023-12-12 17:38:06.793133
Comune di Bitonto,56.40018554923449,2023-12-12 17:40:52.862183
Comune di Crispiano,57.23189284305765,2023-12-12 17:40:53.525305
Comune di Massafra,57.65105183495416,2023-12-12 17:40:53.963627
Comune di Bitonto,56.40018554923449,2023-12-12 17:40:58.489581
Comune di Crispiano,57.23189284305765,2023-12-12 17:40:59.146702
Comune di Massafra,57.65105183495416,2023-12-12 17:40:59.594419
Comune di Bitonto,56.40018554923449,2023-12-13 15:39:55.271226
Comune di Crispiano,57.23189284305765,2023-12-13 15:39:55.822100
Comune di Massafra,57.65105183495416,2023-12-13 15:39:56.197228
Comune di Bitonto,56.40018554923449,2023-12-13 15:40:02.735718
Comune di Crispiano,57.23189284305765,2023-12-13 15:40:03.787976
Comune di Massafra,57.65105183495416,2023-12-13 15:40:04.778450
Comune di Bitonto,56.40018554923449,2023-12-13 15:47:28.077122
Comune di Crispiano,57.23189284305765,2023-12-13 15:47:28.660713
Comune di Massafra,57.65105183495416,2023-12-13 15:47:29.044730
Comune di Bitonto,56.40018554923449,2023-12-13 15:47:32.823517
Comune di Crispiano,57.23189284305765,2023-12-13 15:47:33.525445
Comune di Massafra,57.65105183495416,2023-12-13 15:47:33.993448
Comune di Bitonto,56.40018554923449,2023-12-13 15:49:48.048291
Comune di Crispiano,57.23189284305765,2023-12-13 15:49:48.656713
Comune di Massafra,57.65105183495416,2023-12-13 15:49:49.058525
Comune di Bitonto,56.40018554923449,2023-12-13 15:49:52.989380
Comune di Crispiano,57.23189284305765,2023-12-13 15:49:53.576560
Comune di Massafra,57.65105183495416,2023-12-13 15:49:53.981075
Comune di Bitonto,56.40018554923449,2023-12-13 15:50:35.795646
Comune di Crispiano,57.23189284305765,2023-12-13 15:50:36.404051
Comune di Massafra,57.65105183495416,2023-12-13 15:50:36.815334
Comune di Bitonto,56.40018554923449,2023-12-13 15:51:16.507270
Comune di Crispiano,57.23189284305765,2023-12-13 15:51:17.117035
Comune di Massafra,57.65105183495416,2023-12-13 15:51:17.531495
Comune di Bitonto,56.40018554923449,2023-12-13 15:51:46.935773
Comune di Crispiano,57.23189284305765,2023-12-13 15:51:47.541540
Comune di Massafra,57.65105183495416,2023-12-13 15:51:47.950271
Comune di Bitonto,56.40018554923449,2023-12-13 15:52:46.591620
Comune di Crispiano,57.23189284305765,2023-12-13 15:52:47.190114
Comune di Massafra,57.65105183495416,2023-12-13 15:52:47.594536
Comune di Bitonto,56.40018554923449,2023-12-13 15:54:04.762197
Comune di Crispiano,57.23189284305765,2023-12-13 15:54:05.371625
Comune di Massafra,57.65105183495416,2023-12-13 15:54:05.779024
Comune di Bitonto,56.40018554923449,2023-12-13 15:58:07.515307
Comune di Crispiano,57.23189284305765,2023-12-13 15:58:08.138405
Comune di Massafra,57.65105183495416,2023-12-13 15:58:08.561484
Comune di Bitonto,56.40018554923449,2023-12-13 15:58:12.147287
Comune di Crispiano,57.23189284305765,2023-12-13 15:58:12.743225
Comune di Massafra,57.65105183495416,2023-12-13 15:58:13.167706
Comune di Bitonto,56.40018554923449,2023-12-13 15:59:11.442678
Comune di Crispiano,57.23189284305765,2023-12-13 15:59:12.080092
Comune di Massafra,57.65105183495416,2023-12-13 15:59:12.505937
Comune di Bitonto,56.40018554923449,2023-12-13 15:59:46.340354
Comune di Crispiano,57.23189284305765,2023-12-13 15:59:46.985659
Comune di Massafra,57.65105183495416,2023-12-13 15:59:47.439727
Comune di Bitonto,56.40018554923449,2023-12-13 16:00:25.725991
Comune di Crispiano,57.23189284305765,2023-12-13 16:00:26.349163
Comune di Massafra,57.65105183495416,2023-12-13 16:00:26.749429
Comune di Bitonto,56.40018554923449,2023-12-13 16:01:13.603341
Comune di Crispiano,57.23189284305765,2023-12-13 16:01:14.164039
Comune di Massafra,57.65105183495416,2023-12-13 16:01:14.546239
Comune di Bitonto,56.40018554923449,2023-12-13 16:02:07.578395
Comune di Crispiano,57.23189284305765,2023-12-13 16:02:08.174537
Comune di Massafra,57.65105183495416,2023-12-13 16:02:08.583658
Comune di Bitonto,56.40018554923449,2023-12-13 16:04:31.268828
Comune di Crispiano,57.23189284305765,2023-12-13 16:04:31.890436
Comune di Massafra,57.65105183495416,2023-12-13 16:04:32.296465
Comune di Bitonto,56.40018554923449,2023-12-13 16:05:03.440641
Comune di Crispiano,57.23189284305765,2023-12-13 16:05:04.106866
Comune di Massafra,57.65105183495416,2023-12-13 16:05:04.549681
Comune di Bitonto,56.40018554923449,2023-12-13 16:07:11.171465
Comune di Crispiano,57.23189284305765,2023-12-13 16:07:11.802272
Comune di Massafra,57.65105183495416,2023-12-13 16:07:12.270404
Comune di Bitonto,56.40018554923449,2023-12-13 16:07:16.135594
Comune di Crispiano,57.23189284305765,2023-12-13 16:07:16.838865
Comune di Massafra,57.65105183495416,2023-12-13 16:07:17.271717
Comune di Bitonto,56.40018554923449,2023-12-13 16:07:32.367535
Comune di Crispiano,57.23189284305765,2023-12-13 16:07:33.151600
Comune di Massafra,57.65105183495416,2023-12-13 16:07:33.816668
Comune di Bitonto,56.40018554923449,2023-12-13 16:07:41.662368
Comune di Crispiano,57.23189284305765,2023-12-13 16:07:42.457430
Comune di Massafra,57.65105183495416,2023-12-13 16:07:43.061890
Comune di Bitonto,56.40018554923449,2023-12-13 16:07:49.883968
Comune di Crispiano,57.23189284305765,2023-12-13 16:07:50.497808
Comune di Massafra,57.65105183495416,2023-12-13 16:07:50.936978
Comune di Bitonto,56.40018554923449,2023-12-13 16:07:56.934684
Comune di Crispiano,57.23189284305765,2023-12-13 16:07:57.544216
Comune di Massafra,57.65105183495416,2023-12-13 16:07:58.247008
Comune di Bitonto,56.40018554923449,2023-12-13 16:10:20.571667
Comune di Crispiano,56.06509855742792,2023-12-13 16:10:21.210683
Comune di Massafra,57.65105183495416,2023-12-13 16:10:21.625592
Comune di Bitonto,56.40018554923449,2023-12-13 16:11:23.840723
Comune di Crispiano,56.06509855742792,2023-12-13 16:11:24.471018
Comune di Massafra,57.65105183495416,2023-12-13 16:11:24.902118
Comune di Bitonto,56.40018554923449,2023-12-13 16:13:28.482857
Comune di Crispiano,56.06509855742792,2023-12-13 16:13:29.084249
Comune di Massafra,57.65105183495416,2023-12-13 16:13:29.489618
Comune di Bitonto,56.40018554923449,2023-12-13 16:15:51.510526
Comune di Crispiano,56.06509855742792,2023-12-13 16:15:52.099860
Comune di Massafra,57.65105183495416,2023-12-13 16:15:52.512725
Comune di Bitonto,56.40018554923449,2023-12-13 16:16:24.968317
Comune di Crispiano,56.06509855742792,2023-12-13 16:16:25.587310
Comune di Massafra,57.65105183495416,2023-12-13 16:16:26.001771
Comune di Bitonto,56.40018554923449,2023-12-13 16:18:26.326340
Comune di Crispiano,56.06509855742792,2023-12-13 16:18:26.920986
Comune di Massafra,57.65105183495416,2023-12-13 16:18:27.366436
Comune di Bitonto,56.40018554923449,2023-12-13 16:18:47.180871
Comune di Crispiano,56.06509855742792,2023-12-13 16:18:47.775041
Comune di Massafra,57.65105183495416,2023-12-13 16:18:48.189111
Comune di Bitonto,56.40018554923449,2023-12-13 16:21:45.660483
Comune di Crispiano,56.06509855742792,2023-12-13 16:21:46.271911
Comune di Massafra,57.65105183495416,2023-12-13 16:21:46.704082
Comune di Bitonto,56.40018554923449,2023-12-13 16:22:13.527749
Comune di Crispiano,56.06509855742792,2023-12-13 16:22:14.114357
Comune di Massafra,57.65105183495416,2023-12-13 16:22:14.526799
Comune di Bitonto,56.40018554923449,2023-12-13 16:24:35.009563
Comune di Crispiano,56.06509855742792,2023-12-13 16:24:35.606275
Comune di Massafra,57.65105183495416,2023-12-13 16:24:36.020428
Comune di Bitonto,56.40018554923449,2023-12-13 16:26:22.847213
Comune di Crispiano,56.06509855742792,2023-12-13 16:26:23.492562
Comune di Massafra,57.65105183495416,2023-12-13 16:26:23.947864
Comune di Bitonto,56.40018554923449,2023-12-13 16:26:41.053390
Comune di Crispiano,56.06509855742792,2023-12-13 16:26:41.639741
Comune di Massafra,57.65105183495416,2023-12-13 16:26:42.060573
Comune di Bitonto,56.40018554923449,2023-12-13 16:28:07.204306
Comune di Crispiano,56.06509855742792,2023-12-13 16:28:07.808611
Comune di Massafra,57.65105183495416,2023-12-13 16:28:08.222902
Comune di Bitonto,56.40018554923449,2023-12-13 16:28:32.119135
Comune di Crispiano,56.06509855742792,2023-12-13 16:28:32.706276
Comune di Massafra,57.65105183495416,2023-12-13 16:28:33.133509
Comune di Bitonto,56.40018554923449,2023-12-13 16:28:41.212303
Comune di Crispiano,56.06509855742792,2023-12-13 16:28:41.844151
Comune di Massafra,57.65105183495416,2023-12-13 16:28:42.250258
Comune di Bitonto,56.40018554923449,2023-12-13 16:28:46.033961
Comune di Crispiano,56.06509855742792,2023-12-13 16:28:46.640812
Comune di Massafra,57.65105183495416,2023-12-13 16:28:47.054605
Comune di Bitonto,58.85236752963599,2023-12-13 16:32:31.590994
Comune di Crispiano,56.06509855742792,2023-12-13 16:32:32.373880
Comune di Massafra,57.65105183495416,2023-12-13 16:32:32.880064
Comune di Bitonto,58.85236752963599,2023-12-13 16:36:21.833560
Comune di Crispiano,56.06509855742792,2023-12-13 16:36:22.433950
Comune di Massafra,55.9029539348461,2023-12-13 16:36:22.835597
Comune di Bitonto,58.85236752963599,2023-12-13 16:36:58.692103
Comune di Crispiano,56.06509855742792,2023-12-13 16:36:59.292789
Comune di Massafra,55.9029539348461,2023-12-13 16:36:59.705077
Comune di Bitonto,56.40018554923449,2023-12-13 16:37:35.424158
Comune di Crispiano,56.06509855742792,2023-12-13 16:37:36.027343
Comune di Massafra,55.9029539348461,2023-12-13 16:37:36.445736
Comune di Bitonto,56.40018554923449,2023-12-13 16:39:15.464515
Comune di Crispiano,56.06509855742792,2023-12-13 16:39:16.096762
Comune di Massafra,55.9029539348461,2023-12-13 16:39:16.556866
Comune di Bitonto,56.40018554923449,2023-12-13 16:40:17.271554
Comune di Crispiano,56.06509855742792,2023-12-13 16:40:17.851227
Comune di Massafra,55.9029539348461,2023-12-13 16:40:18.246555
Comune di Bitonto,56.40018554923449,2023-12-13 16:41:26.258993
Comune di Crispiano,56.06509855742792,2023-12-13 16:41:26.869116
Comune di Massafra,55.9029539348461,2023-12-13 16:41:27.279046
Comune di Bitonto,56.40018554923449,2023-12-13 16:42:12.648353
Comune di Crispiano,56.06509855742792,2023-12-13 16:42:13.241889
Comune di Massafra,55.9029539348461,2023-12-13 16:42:13.636073
Comune di Bitonto,57.74284897516042,2023-12-13 16:46:10.819448
Comune di Crispiano,56.06509855742792,2023-12-13 16:46:11.441113
Comune di Massafra,55.9029539348461,2023-12-13 16:46:11.839040
Comune di Bitonto,58.85236752963599,2023-12-13 16:50:26.782611
Comune di Crispiano,56.06509855742792,2023-12-13 16:50:27.450304
Comune di Massafra,55.9029539348461,2023-12-13 16:50:27.903038
Comune di Bitonto,58.85236752963599,2023-12-13 16:54:35.007705
Comune di Crispiano,56.06509855742792,2023-12-13 16:54:35.637491
Comune di Massafra,57.65105183495416,2023-12-13 16:54:36.059835
Comune di Bitonto,58.85236752963599,2023-12-13 16:57:45.687948
Comune di Crispiano,57.239177224230524,2023-12-13 16:57:46.280618
Comune di Massafra,57.65105183495416,2023-12-13 16:57:46.719442
Comune di Bitonto,58.85236752963599,2023-12-13 16:58:45.212254
Comune di Crispiano,57.239177224230524,2023-12-13 16:58:45.821333
Comune di Massafra,57.65105183495416,2023-12-13 16:58:46.241972
Comune di Bitonto,58.85236752963599,2023-12-13 17:00:16.660541
Comune di Crispiano,57.239177224230524,2023-12-13 17:00:17.229459
Comune di Massafra,57.65105183495416,2023-12-13 17:00:17.617290
Comune di Bitonto,58.85236752963599,2023-12-13 17:00:50.174511
Comune di Crispiano,57.239177224230524,2023-12-13 17:00:50.766475
Comune di Massafra,57.65105183495416,2023-12-13 17:00:51.156969
Comune di Bitonto,58.85236752963599,2023-12-13 17:04:56.298249
Comune di Crispiano,57.239177224230524,2023-12-13 17:04:57.049982
Comune di Massafra,57.65105183495416,2023-12-13 17:04:57.488425
Comune di Bitonto,58.85236752963599,2023-12-13 17:09:01.493067
Comune di Crispiano,57.239177224230524,2023-12-13 17:09:02.276485
Comune di Massafra,57.65105183495416,2023-12-13 17:09:02.846129
Comune di Bitonto,58.85236752963599,2023-12-19 16:38:17.291876
Comune di Crispiano,57.247675671340474,2023-12-19 16:38:17.996992
Comune di Massafra,57.65105183495416,2023-12-19 16:38:18.481913
Comune di Bitonto,58.85236752963599,2023-12-19 16:38:24.889161
Comune di Crispiano,57.247675671340474,2023-12-19 16:38:26.095233
Comune di Massafra,57.65105183495416,2023-12-19 16:38:27.143557
Comune di Bitonto,58.85236752963599,2023-12-19 16:40:10.005454
Comune di Crispiano,57.247675671340474,2023-12-19 16:40:10.769538
Comune di Massafra,57.65105183495416,2023-12-19 16:40:11.257593
Comune di Bitonto,58.85236752963599,2023-12-19 16:40:34.603404
Comune di Crispiano,57.247675671340474,2023-12-19 16:40:35.233032
Comune di Massafra,57.65105183495416,2023-12-19 16:40:35.658406
Comune di Bitonto,58.85236752963599,2024-01-09 10:14:07.121122
Comune di Crispiano,57.247675671340474,2024-01-09 10:14:07.749063
Comune di Massafra,57.65105183495416,2024-01-09 10:14:08.146430
Comune di Bitonto,58.85236752963599,2024-01-09 10:14:12.737246
Comune di Crispiano,57.247675671340474,2024-01-09 10:14:13.485659
Comune di Massafra,57.65105183495416,2024-01-09 10:14:14.000182
Comune di Bitonto,57.74284897516042,2024-01-09 10:15:06.498148
Comune di Crispiano,57.247675671340474,2024-01-09 10:15:07.216686
Comune di Massafra,57.65105183495416,2024-01-09 10:15:07.745017
Comune di Bitonto,57.74284897516042,2024-01-09 10:15:11.762130
Comune di Crispiano,57.247675671340474,2024-01-09 10:15:12.438702
Comune di Massafra,57.65105183495416,2024-01-09 10:15:12.897358
Comune di Bitonto,57.82819655627392,2024-01-09 10:16:27.723014
Comune di Crispiano,57.247675671340474,2024-01-09 10:16:28.538756
Comune di Massafra,57.65105183495416,2024-01-09 10:16:29.012023
Comune di Bitonto,57.82819655627392,2024-01-09 10:16:47.318788
Comune di Crispiano,57.247675671340474,2024-01-09 10:16:48.318128
Comune di Massafra,57.65105183495416,2024-01-09 10:16:48.813097
Comune di Bitonto,57.82819655627392,2024-01-09 10:23:39.151152
Comune di Crispiano,56.360935815853544,2024-01-09 10:23:40.034241
Comune di Massafra,57.65105183495416,2024-01-09 10:23:40.460598
Comune di Bitonto,57.82819655627392,2024-01-09 10:25:02.447866
Comune di Crispiano,56.360935815853544,2024-01-09 10:25:03.360666
Comune di Massafra,57.65105183495416,2024-01-09 10:25:03.800929
Comune di Bitonto,57.82819655627392,2024-01-09 10:25:08.452677
Comune di Crispiano,56.360935815853544,2024-01-09 10:25:09.374268
Comune di Massafra,57.65105183495416,2024-01-09 10:25:09.840682
Comune di Bitonto,57.82819655627392,2024-01-09 10:41:25.840419
Comune di Crispiano,56.27108674177948,2024-01-09 10:41:27.104597
Comune di Massafra,57.65105183495416,2024-01-09 10:41:27.562928
Comune di Bitonto,57.82819655627392,2024-01-09 10:41:34.581604
Comune di Crispiano,56.27108674177948,2024-01-09 10:41:35.501476
Comune di Massafra,57.65105183495416,2024-01-09 10:41:35.955307
Comune di Bitonto,57.82819655627392,2024-01-09 10:41:57.294422
Comune di Crispiano,56.27108674177948,2024-01-09 10:41:58.215206
Comune di Massafra,57.65105183495416,2024-01-09 10:41:58.642596
Comune di Bitonto,57.82819655627392,2024-01-09 10:42:10.391037
Comune di Crispiano,56.27108674177948,2024-01-09 10:42:11.404918
Comune di Massafra,57.65105183495416,2024-01-09 10:42:11.853151
Comune di Bitonto,57.82819655627392,2024-01-09 10:42:30.469214
Comune di Crispiano,56.27108674177948,2024-01-09 10:42:31.422750
Comune di Massafra,57.65105183495416,2024-01-09 10:42:31.917084
Comune di Bitonto,57.82819655627392,2024-01-09 10:42:44.989631
Comune di Crispiano,56.27108674177948,2024-01-09 10:42:45.849279
Comune di Massafra,57.65105183495416,2024-01-09 10:42:46.312273
Comune di Bitonto,57.82819655627392,2024-01-09 10:58:41.293455
Comune di Crispiano,56.27108674177948,2024-01-09 10:58:42.288733
Comune di Massafra,57.65105183495416,2024-01-09 10:58:42.795726
Comune di Bitonto,57.82819655627392,2024-01-09 10:59:17.354761
Comune di Crispiano,54.527756802893755,2024-01-09 10:59:18.296232
Comune di Massafra,57.65105183495416,2024-01-09 10:59:18.813380
Comune di Bitonto,57.82819655627392,2024-01-09 10:59:23.315882
Comune di Crispiano,54.527756802893755,2024-01-09 10:59:24.215877
Comune di Massafra,57.65105183495416,2024-01-09 10:59:24.664197
Comune di Bitonto,57.82819655627392,2024-01-09 11:01:39.988679
Comune di Crispiano,54.527756802893755,2024-01-09 11:01:41.307757
Comune di Massafra,57.65105183495416,2024-01-09 11:01:41.922707
Comune di Bitonto,57.82819655627392,2024-01-09 11:02:25.073351
Comune di Crispiano,54.527756802893755,2024-01-09 11:02:26.047400
Comune di Massafra,57.65105183495416,2024-01-09 11:02:26.572538
Comune di Bitonto,57.82819655627392,2024-01-09 11:02:32.126554
Comune di Crispiano,54.527756802893755,2024-01-09 11:02:33.078032
Comune di Massafra,57.65105183495416,2024-01-09 11:02:33.551168
Comune di Bitonto,57.82819655627392,2024-01-09 11:02:45.057987
Comune di Crispiano,54.527756802893755,2024-01-09 11:02:46.100279
Comune di Massafra,57.65105183495416,2024-01-09 11:02:46.537926
Comune di Bitonto,57.82819655627392,2024-01-09 11:02:57.537909
Comune di Crispiano,54.527756802893755,2024-01-09 11:02:58.581899
Comune di Massafra,57.65105183495416,2024-01-09 11:02:59.063277
Comune di Bitonto,57.82819655627392,2024-01-09 11:03:08.498417
Comune di Crispiano,54.527756802893755,2024-01-09 11:03:09.370523
Comune di Massafra,57.65105183495416,2024-01-09 11:03:09.866622
Comune di Bitonto,57.82819655627392,2024-01-09 11:03:31.348270
Comune di Crispiano,54.527756802893755,2024-01-09 11:03:32.259336
Comune di Massafra,57.65105183495416,2024-01-09 11:03:32.722391
Comune di Bitonto,57.82819655627392,2024-01-09 11:03:37.041252
Comune di Crispiano,54.527756802893755,2024-01-09 11:03:37.907652
Comune di Massafra,57.65105183495416,2024-01-09 11:03:38.369909
Comune di Bitonto,57.82819655627392,2024-01-13 11:06:33.335039
Comune di Crispiano,54.527756802893755,2024-01-13 11:06:34.114484
Comune di Massafra,57.65105183495416,2024-01-13 11:06:34.538588
Comune di Bitonto,57.82819655627392,2024-01-13 11:06:40.261246
Comune di Crispiano,54.527756802893755,2024-01-13 11:06:41.378132
Comune di Massafra,57.65105183495416,2024-01-13 11:06:42.033580
Comune di Bitonto,57.82819655627392,2024-01-13 11:07:50.722041
Comune di Crispiano,55.47651309919004,2024-01-13 11:07:51.617964
Comune di Massafra,57.65105183495416,2024-01-13 11:07:52.233770
Comune di Bitonto,57.82819655627392,2024-01-13 11:07:58.300098
Comune di Crispiano,55.47651309919004,2024-01-13 11:07:59.335749
Comune di Massafra,57.65105183495416,2024-01-13 11:07:59.860328
Comune di Bitonto,57.82819655627392,2024-01-13 11:08:50.915324
Comune di Crispiano,54.527756802893755,2024-01-13 11:08:51.865801
Comune di Massafra,57.65105183495416,2024-01-13 11:08:52.357920
Comune di Bitonto,57.82819655627392,2024-01-13 11:08:58.682785
Comune di Crispiano,54.527756802893755,2024-01-13 11:08:59.740583
Comune di Massafra,57.65105183495416,2024-01-13 11:09:00.244327
Comune di Bitonto,57.82819655627392,2024-01-13 11:14:19.891109
Comune di Crispiano,55.47651309919004,2024-01-13 11:14:20.740300
Comune di Massafra,57.65105183495416,2024-01-13 11:14:21.156605
Comune di Bitonto,57.82819655627392,2024-01-13 11:14:25.186998
Comune di Crispiano,55.47651309919004,2024-01-13 11:14:26.102085
Comune di Massafra,57.65105183495416,2024-01-13 11:14:26.581549
Comune di Bitonto,57.82819655627392,2024-01-13 11:15:40.162784
Comune di Crispiano,54.527756802893755,2024-01-13 11:15:41.086681
Comune di Massafra,57.65105183495416,2024-01-13 11:15:41.574841
Comune di Bitonto,57.82819655627392,2024-01-13 11:15:47.695490
Comune di Crispiano,54.527756802893755,2024-01-13 11:15:49.110120
Comune di Massafra,57.65105183495416,2024-01-13 11:15:49.765483
Comune di Bitonto,57.82819655627392,2024-01-13 11:17:02.340609
Comune di Crispiano,54.527756802893755,2024-01-13 11:17:03.230311
Comune di Massafra,57.65105183495416,2024-01-13 11:17:03.648870
Comune di Bitonto,57.82819655627392,2024-01-13 11:17:08.057289
Comune di Crispiano,54.527756802893755,2024-01-13 11:17:10.762924
Comune di Massafra,57.65105183495416,2024-01-13 11:17:11.744133
Comune di Bitonto,57.82819655627392,2024-01-13 11:19:46.133098
Comune di Crispiano,56.27108674177948,2024-01-13 11:19:47.386971
Comune di Massafra,57.65105183495416,2024-01-13 11:19:47.865013
Comune di Bitonto,57.82819655627392,2024-01-13 11:22:39.735423
Comune di Crispiano,56.27108674177948,2024-01-13 11:22:40.654498
Comune di Massafra,57.65105183495416,2024-01-13 11:22:41.170944
Comune di Bitonto,57.82819655627392,2024-01-13 11:25:29.616273
Comune di Crispiano,56.27108674177948,2024-01-13 11:25:30.941066
Comune di Massafra,57.65105183495416,2024-01-13 11:25:31.472026
Comune di Bitonto,57.82819655627392,2024-01-13 11:42:30.216055
Comune di Crispiano,56.27108674177948,2024-01-13 11:42:31.039036
Comune di Massafra,57.65105183495416,2024-01-13 11:42:31.465050
Comune di Bitonto,57.82819655627392,2024-01-13 11:42:35.480388
Comune di Crispiano,56.27108674177948,2024-01-13 11:42:36.326180
Comune di Massafra,57.65105183495416,2024-01-13 11:42:36.777356
Comune di Bitonto,57.82819655627392,2024-01-13 11:43:04.907172
Comune di Crispiano,56.27108674177948,2024-01-13 11:43:06.074171
Comune di Massafra,57.65105183495416,2024-01-13 11:43:06.658579
Comune di Bitonto,57.82819655627392,2024-01-13 11:44:21.452615
Comune di Crispiano,56.27108674177948,2024-01-13 11:44:22.251099
Comune di Massafra,57.65105183495416,2024-01-13 11:44:22.646908
Comune di Bitonto,57.82819655627392,2024-01-13 11:44:28.342885
Comune di Crispiano,56.27108674177948,2024-01-13 11:44:29.284905
Comune di Massafra,57.65105183495416,2024-01-13 11:44:29.741115
Comune di Bitonto,57.82819655627392,2024-01-13 11:44:53.746758
Comune di Crispiano,56.27108674177948,2024-01-13 11:44:54.675796
Comune di Massafra,57.65105183495416,2024-01-13 11:44:55.122245
Comune di Bitonto,57.82819655627392,2024-01-13 11:45:07.111233
Comune di Crispiano,56.27108674177948,2024-01-13 11:45:08.622280
Comune di Massafra,57.65105183495416,2024-01-13 11:45:09.092449
Comune di Bitonto,57.82819655627392,2024-01-13 11:46:01.645910
Comune di Crispiano,56.27108674177948,2024-01-13 11:46:02.535169
Comune di Massafra,57.65105183495416,2024-01-13 11:46:02.992964
Comune di Bitonto,57.82819655627392,2024-01-13 11:46:13.157805
Comune di Crispiano,56.27108674177948,2024-01-13 11:46:14.070674
Comune di Massafra,57.65105183495416,2024-01-13 11:46:14.459040
